productTitle,productPrice,subCategoryName
Dirossi 400 Gradi Selection Mozzarella | 150g,4,Grated Cheese
Coles Grated Parmesan Cheese | 100g,2,Grated Cheese
Perfect Italiano Dairy Cheese Grated Mozzarella:Mozzarella | 450g,9.5,Grated Cheese
Perfect Italiano Shredded Mozzarella | 250g,5.5,Grated Cheese
Mil Lel Shaved Parmesan | 170g,6.9,Grated Cheese
Perfect Italiano Grated Cheese Perfect Melt | 250g,5.5,Grated Cheese
Kraft Grated Parmesan Cheese Cannister | 250g,9.8,Grated Cheese
Coles Parmesan Cheese | 125g,4,Grated Cheese
Coles Cheese Shredded Tasty Light | 700g,9.5,Grated Cheese
Coles Cheese Shredded Mozzarella | 250g,5.5,Grated Cheese
Liddells Lactose Free Shredded Cheese | 250g,7.5,Grated Cheese
Perfect Italiano Cheese Shaved Parmesan | 125g,4.5,Grated Cheese
Coles Dairy Shredded Tasty Cheese | 250g,5.5,Grated Cheese
Bega Tasty Cheese Grated | 250g,6,Grated Cheese
Bio Original Cheese Block | 200g,7,Grated Cheese
Coles Dairy Shredded Parmesan Cheese | 250g,6,Grated Cheese
Perfect Italiano Cheese Grated Parmesan | 125g,4.5,Grated Cheese
Perfect Italiano Mexican Blend Grated Cheese | 250g,5.5,Grated Cheese
Perfect Italiano Grated Cheese Perfect Pizza | 250g,5.5,Grated Cheese
Liddells Lactose Free Shredded Pizza Blend | 225g,7.5,Grated Cheese
Coles Cheese Shredded Tasty | 700g,9.5,Grated Cheese
Perfect Italiano Perfect Pizza Grated Cheese | 450g,9.5,Grated Cheese
The Organic Milk Co Organic Mozzarella Shred | 250g,5,Grated Cheese
Mutti Pasta Sauce Rossoro Tomatoes & Genovese Basil | 400g,5.7,Grated Cheese
Coles Australian Light Shredded Mozzarella | 250g,5.5,Grated Cheese
Perfect Italiano Grated Cheese Perfect Bakes | 250g,5.5,Grated Cheese
Coles Cheese Shredded Mexican Blend | 250g,5.5,Grated Cheese
Perfect Italiano Perfect Bakes | 450g,9.5,Grated Cheese
Coles Pizza Blend Shredded Cheese | 700g,10,Grated Cheese
The Organic Milk Co Organic Melt N Bake | 250g,6,Grated Cheese
Kraft Grated Parmesan Cheese Cannister | 125g,5.5,Grated Cheese
Coles Mozzarella Shredded Cheese | 700g,10,Grated Cheese
Perfect Italiano 4 Cheese Melt | 450g,9.5,Grated Cheese
Coles Australian Shredded Pizza | 250g,5.5,Grated Cheese
Bega Lactose Free Grated Cheese | 250g,7.5,Grated Cheese
Bega Cheese Strong & Bitey Vintage Grated | 250g,6,Grated Cheese
Cheer Cheese Block Mozzarella | 400g,9,Grated Cheese
The Organic Milk Co. Organic Shredded Cheddar | 250g,6.5,Grated Cheese
Devondale 3 Shredded Cheese Blend | 750g,13.5,Grated Cheese
Dirossi 400 Gradi Selection Pizza Cheese | 150g,4,Grated Cheese
Perfect Italiano Mexican Cheese Blend Grated | 450g,9.5,Grated Cheese
Mil Lel Shredded Parmesan | 170g,6.9,Grated Cheese
Zanetti Grana Padano Grated PDO | 100g,5.5,Grated Cheese
Coles Cheese Shredded 4 Cheese Blend | 250g,5.5,Grated Cheese
Devondale Tasty Shredded Cheese | 750g,13.5,Grated Cheese
Perfect Italiano Cheese Extra Sharp Grated Parmesan | 125g,4.5,Grated Cheese
Bega Dairy Tasty Grated Cheese | 500g,10.5,Grated Cheese
Mil Lel Extra Sharp Parmesan | 170g,6.9,Grated Cheese
